Workbook

Sheet Instrucciones
A1: Plantilla de plan operativo · Sprint 1
A2: Proyecto: Rediseña.Evaluacion · Un kit de Eutika
A3: v2.0 · 21 de abril de 2026 · incluye Herramienta de factibilidad integrada
A6: PROPÓSITO
A7: Esta plantilla es la única fuente de verdad del plan operativo de evaluación de tu asignatura para el Sprint 1. Captura tus decisiones y alimenta las otras tres piezas del kit: Herramienta de factibilidad, Blueprint completo y Calendario semanal.
A9: ORDEN DE USO
A10: 1. Rellena la hoja «Parámetros» con los datos básicos del curso.
A11: 2. Revisa el «Catálogo» de tipos de touchpoint. Los valores por defecto son orientativos; ajústalos si quieres partir de otra estimación.
A12: 3. Describe tus touchpoints uno por fila en la hoja «Touchpoints». Para cada uno: elige tipo, define ocurrencias y semanas, introduce tus horas de dedicación (línea base y, opcionalmente, hipótesis con IA).
A13: 4. En «Componentes» indica, por touchpoint, las decisiones operativas sobre auto/coevaluación, IA, evidencias, recogida, retroalimentación y mejora docente.
A14: 5. Consulta «Resumen» para ver totales, delta base vs. IA, equilibrio formativo/sumativo y alertas de consistencia. Esta hoja NO se edita.
A15: 6. Abre la Herramienta de factibilidad integrada (3 lentes): «Lente 1 · Carga docente», «Lente 2 · Carga estudiante», «Lente 3 · Equilibrio F/S». Cada lente lee la Plantilla en tiempo real.
... A33: Este libro calcula tus horas totales, el reparto por responsable y las tres lentes. El calendario semana a semana no: lo genera el Panel del plan operativo · redisena-evaluacion.pages.dev/kit, al que subes este mismo archivo. Allí verás la carga por semana, las semanas de pico y las semanas de cierre posteriores al final de la docencia, que es donde suele concentrarse la corrección.

Sheet Parámetros
A1: Parámetros del curso
A2: Rellena los datos básicos. Se usan en los cálculos de las otras hojas.
A4: Parámetro | B4: Valor | C4: Notas
A5: Asignatura | B5: Ingeniería del Software
A6: Código de la asignatura | B6: IS-15320
A7: Profesor responsable | B7: María López (coordinadora) + Juan García (profesor)
A8: Cuatrimestre | B8: Q2 | C8: Valor aceptado: 1, 2 o Anual
A9: Año académico | B9: 2026/27
A10: Número de estudiantes | B10: 40 | C10: Tamaño del grupo. Número entero.
A11: Semanas del cuatrimestre | B11: 15 | C11: Habitualmente 15.
A12: Horas lectivas semanales | B12: 3 | C12: Horas presenciales semanales del grupo.
A13: Política IA general de la asignatura | B13: Declarada | C13: Valor por defecto; sobrescribible por touchpoint.
A14: Rol del usuario | B14: Coordinador + profesor | C14: Solo profesor · Coordinador + profesor
A15: Nombre del coordinador (si aplica) | B15: María López | C15: Rellenar solo si el rol incluye coordinación entre grupos.
A16: ECTS de la asignatura | B16: 6 | C16: ECTS totales. Se usa para calcular el presupuesto de horas estudiante.
A17: Horas por ECTS | B17: 25 | C17: Referencia EEES: 1 ECTS = 25 h de trabajo del estudiante.
A18: Umbral pico docente (h/sem) | B18: 15 | C18: Por encima de este valor semanal, la Lente 1 lo marca como pico.
A19: Umbral pico estudiante (h/sem) | B19: 12 | C19: Por encima de este valor semanal, la Lente 2 lo marca como pico.
A20: Dedicación docente promedio (h/sem) | B20: 10 | C20: Presupuesto sostenible. Incluye clase, diseño, corrección, tutorías, preparación y lo demás.
A21: Dedicación estudiante promedio (h/sem) | B21: 10 | C21: Equivalente medio: ECTS × 25 / nº semanas. Para 6 ECTS y 15 sem ≈ 10 h/sem.

Sheet Catálogo
A1: Catálogo de tipos de touchpoint
A2: Valores orientativos por defecto. Puedes ajustar las horas si tu asignatura tiene otra realidad.
A4: ID | B4: Nombre | C4: Naturaleza | D4: Formato | E4: IA def. | F4: h diseño | G4: h ejec/ocur | H4: h corr/est | I4: h fback/est | J4: h estudiante/ocur
A5: T1 | B5: Examen / prueba escrita | C5: Sumativo | D5: Puntual | E5: Restringida | F5: 3 | G5: 2 | H5: 0.2 | I5: 0.05 | J5: 2
A6: T2 | B6: Entrega / trabajo | C6: Mixto | D6: Puntual o serie | E6: Declarada | F6: 4 | G6: 0.5 | H6: 0.5 | I6: 0.15 | J6: 10
A7: T3 | B7: Presentación / defensa oral | C7: Sumativo | D7: Puntual | E7: Declarada | F7: 2 | G7: 0.3 | H7: 0.1 | I7: 0.1 | J7: 8
A8: T4 | B8: Observación en aula | C8: Formativo | D8: Continuo | E8: No aplica | F8: 1 | G8: 0.25 | H8: 0 | I8: 0.05 | J8: 0
A9: T5 | B9: Autoevaluación | C9: Formativo | D9: Puntual o serie | E9: Abierta | F9: 1 | G9: 0.1 | H9: 0.05 | I9: 0.05 | J9: 1
A10: T6 | B10: Evaluación entre pares | C10: Formativo | D10: Puntual o serie | E10: Declarada | F10: 2 | G10: 0.2 | H10: 0.1 | I10: 0.1 | J10: 2
A11: T7 | B11: Tutoría 1a1 | C11: Formativo | D11: Serie | E11: No aplica | F11: 0.5 | G11: 0.5 | H11: 0 | I11: 0 | J11: 0.5
A12: T8 | B12: Checkpoint / hito de avance | C12: Mixto | D12: Puntual | E12: Declarada | F12: 1.5 | G12: 0.3 | H12: 0.15 | I12: 0.1 | J12: 3
A13: T9 | B13: Canal de comunicación continua | C13: Formativo | D13: Continuo | E13: Declarada | F13: 1 | G13: 0.5 | H13: 0 | I13: 0.1 | J13: 0.2
A14: T-Otro | B14: (Añade aquí un tipo propio si ninguno del catálogo encaja)
A19: Leyenda:
A20: Naturaleza | B20: Formativo · Sumativo · Mixto
A21: Formato | B21: Puntual (una ocurrencia) · Serie (varias) · Continuo (a lo largo de un periodo)
A22: IA | B22: Restringida · Declarada · Abierta · No aplica

Sheet Touchpoints
A1: Touchpoints de la asignatura
A2: Describe cada touchpoint en una fila. Las columnas en amarillo son entradas; el resto son cálculos.
A4: Definición | L4: Horas docente · línea base | Q4: Horas docente · hipótesis con IA | V4: Prácticas IA hipotetizadas | Z4: Delta | AB4: Horas estudiante | AD4: Detalle
A5: ID | B5: Nombre del touchpoint | C5: Tipo | D5: Naturaleza | E5: Formato | F5: Política IA | G5: Responsable | H5: Ocurrencias | I5: Sem. inicio | J5: Sem. fin | K5: Peso sumativo (%) | L5: h diseño | M5: h ejec/ocur | N5: h corr/est | O5: h fback/est | P5: TOTAL base (h) | Q5: h diseño | R5: h ejec/ocur | S5: h corr/est | T5: h fback/est | U5: TOTAL IA (h) | V5: Práctica · diseño | W5: Práctica · ejecución | X5: Práctica · corrección | Y5: Práctica · feedback | Z5: Δ horas | AA5: Δ % | AB5: h est/ocur | AC5: Total h est | AD5: Rúbrica breve | AE5: Evidencia | AF5: Notas
A6: TP1 | B6: Prueba diagnóstica de conceptos previos | C6: T1 | D6: Formativo | E6: Puntual | F6: Declarada | G6: Profesor | H6: 1 | I6: 1 | J6: 1 | K6: 0 | L6: 2 | M6: 0.5 | N6: 0.2 | O6: 0.1 | P6: =IFERROR(N(L6)+N(H6)*(N(M6)+Parámetros!$B$10*(N(N6)+N(O6))),0) -> 14.5 | S6: 0.1 | U6: =IFERROR(IF(Q6="",N(L6),N(Q6))+N(H6)*(IF(R6="",N(M6),N(R6))+Parámetros!$B$10*(IF(S6="",N(N6),N(S6))+IF(T6="",N(O6),N(T6)))),0) -> 10.5 | X6: IA agrupa errores por pregunta y genera lista de conceptos a reforzar en las primeras sesiones. | Z6: =IFERROR(P6-U6,0) -> 4 | AA6: =IFERROR(IF(P6>0,Z6/P6,0),0) -> 0.27586207 | AB6: 1 | AC6: =IFERROR(N(H6)*N(AB6),0) -> 1 | AD6: Sí — 6 dimensiones | AE6: Respuestas individuales | AF6: Sirve como diagnóstico rápido al inicio de curso; sin peso en nota.
A7: TP2 | B7: Quiz semanal de teoría | C7: T1 | D7: Formativo | E7: Serie | F7: Restringida | G7: Profesor | H7: 10 | I7: 2 | J7: 14 | K7: 0 | L7: 1.5 | M7: 0.3 | N7: 0.1 | O7: 0.05 | P7: =IFERROR(N(L7)+N(H7)*(N(M7)+Parámetros!$B$10*(N(N7)+N(O7))),0) -> 64.5 | Q7: 0.5 | U7: =IFERROR(IF(Q7="",N(L7),N(Q7))+N(H7)*(IF(R7="",N(M7),N(R7))+Parámetros!$B$10*(IF(S7="",N(N7),N(S7))+IF(T7="",N(O7),N(T7)))),0) -> 63.5 | V7: IA genera 3 variantes del quiz a partir del temario; elijo y adapto la que mejor encaja con la sesión. | Z7: =IFERROR(P7-U7,0) -> 1 | AA7: =IFERROR(IF(P7>0,Z7/P7,0),0) -> 0.015503876 | AB7: 0.3 | AC7: =IFERROR(N(H7)*N(AB7),0) -> 3 | AD7: Autoevaluación automática | AE7: Respuestas + justificación corta | AF7: Se lanza los jueves al cerrar la sesión teórica; el estudiante tiene hasta el domingo.
A8: TP3 | B8: Entrega P1 — Análisis de requisitos | C8: T2 | D8: Mixto | E8: Puntual | F8: Declarada | G8: Profesor | H8: 1 | I8: 4 | J8: 4 | K8: 10 | L8: 3 | M8: 0.5 | N8: 0.6 | O8: 0.3 | P8: =IFERROR(N(L8)+N(H8)*(N(M8)+Parámetros!$B$10*(N(N8)+N(O8))),0) -> 39.5 | T8: 0.15 | U8: =IFERROR(IF(Q8="",N(L8),N(Q8))+N(H8)*(IF(R8="",N(M8),N(R8))+Parámetros!$B$10*(IF(S8="",N(N8),N(S8))+IF(T8="",N(O8),N(T8)))),0) -> 33.5 | Y8: IA redacta primer borrador de feedback personalizado por estudiante a partir de la rúbrica; yo edito antes de enviar. | Z8: =IFERROR(P8-U8,0) -> 6 | AA8: =IFERROR(IF(P8>0,Z8/P8,0),0) -> 0.15189873 | AB8: 10 | AC8: =IFERROR(N(H8)*N(AB8),0) -> 10 | AD8: Sí — 5 criterios | AE8: Documento de análisis (PDF) | AF8: Primera entrega seria; dejo margen de reescritura tras feedback.
A9: TP4 | B9: Examen parcial teórico | C9: T1 | D9: Sumativo | E9: Puntual | F9: Restringida | G9: Profesor | H9: 1 | I9: 8 | J9: 8 | K9: 25 | L9: 6 | M9: 2 | N9: 0.4 | O9: 0.1 | P9: =IFERROR(N(L9)+N(H9)*(N(M9)+Parámetros!$B$10*(N(N9)+N(O9))),0) -> 28 | U9: =IFERROR(IF(Q9="",N(L9),N(Q9))+N(H9)*(IF(R9="",N(M9),N(R9))+Parámetros!$B$10*(IF(S9="",N(N9),N(S9))+IF(T9="",N(O9),N(T9)))),0) -> 28 | Z9: =IFERROR(P9-U9,0) -> 0 | AA9: =IFERROR(IF(P9>0,Z9/P9,0),0) -> 0 | AB9: 12 | AC9: =IFERROR(N(H9)*N(AB9),0) -> 12 | AD9: Solucionario + banda de corrección | AE9: Examen papel | AF9: Sumativo tradicional; sin IA en corrección por decisión del departamento.
A10: TP5 | B10: Entrega P2 — Diseño arquitectónico | C10: T2 | D10: Mixto | E10: Puntual | F10: Declarada | G10: Ambos | H10: 1 | I10: 10 | J10: 10 | K10: 10 | L10: 3 | M10: 0.5 | N10: 0.6 | O10: 0.3 | P10: =IFERROR(N(L10)+N(H10)*(N(M10)+Parámetros!$B$10*(N(N10)+N(O10))),0) -> 39.5 | S10: 0.3 | T10: 0.15 | U10: =IFERROR(IF(Q10="",N(L10),N(Q10))+N(H10)*(IF(R10="",N(M10),N(R10))+Parámetros!$B$10*(IF(S10="",N(N10),N(S10))+IF(T10="",N(O10),N(T10)))),0) -> 21.5 | X10: Detección automática de inconsistencias en diagramas UML y trazabilidad; validación humana de casos frontera. | Y10: Feedback individualizado a partir de checklist arquitectónico; IA plantea sugerencias de mejora y yo las valido. | Z10: =IFERROR(P10-U10,0) -> 18 | AA10: =IFERROR(IF(P10>0,Z10/P10,0),0) -> 0.4556962 | AB10: 10 | AC10: =IFERROR(N(H10)*N(AB10),0) -> 10 | AD10: Sí — 6 criterios | AE10: Documento + diagramas UML | AF10: Reparto con coordinadora: yo corrijo 20, ella las otras 20.
A11: TP6 | B11: Entrega P3 — Implementación y pruebas | C11: T2 | D11: Sumativo | E11: Puntual | F11: Abierta | G11: Profesor | H11: 1 | I11: 13 | J11: 13 | K11: 25 | L11: 3 | M11: 0.5 | N11: 1 | O11: 0.3 | P11: =IFERROR(N(L11)+N(H11)*(N(M11)+Parámetros!$B$10*(N(N11)+N(O11))),0) -> 55.5 | U11: =IFERROR(IF(Q11="",N(L11),N(Q11))+N(H11)*(IF(R11="",N(M11),N(R11))+Parámetros!$B$10*(IF(S11="",N(N11),N(S11))+IF(T11="",N(O11),N(T11)))),0) -> 55.5 | X11: Pendiente — evaluar si uso IA para primera lectura de código entregado. | Z11: =IFERROR(P11-U11,0) -> 0 | AA11: =IFERROR(IF(P11>0,Z11/P11,0),0) -> 0 | AB11: 25 | AC11: =IFERROR(N(H11)*N(AB11),0) -> 25 | AD11: Sí — 7 criterios técnicos + 2 de proceso | AE11: Repositorio + memoria técnica | AF11: Entrega pesada; los estudiantes pueden usar IA libremente pero deben declarar uso.
A12: TP7 | B12: Examen final | C12: T1 | D12: Sumativo | E12: Puntual | F12: Restringida | G12: Ambos | H12: 1 | I12: 15 | J12: 15 | K12: 30 | L12: 8 | M12: 2 | N12: 0.5 | O12: 0.1 | P12: =IFERROR(N(L12)+N(H12)*(N(M12)+Parámetros!$B$10*(N(N12)+N(O12))),0) -> 34 | U12: =IFERROR(IF(Q12="",N(L12),N(Q12))+N(H12)*(IF(R12="",N(M12),N(R12))+Parámetros!$B$10*(IF(S12="",N(N12),N(S12))+IF(T12="",N(O12),N(T12)))),0) -> 34 | Z12: =IFERROR(P12-U12,0) -> 0 | AA12: =IFERROR(IF(P12>0,Z12/P12,0),0) -> 0 | AB12: 22 | AC12: =IFERROR(N(H12)*N(AB12),0) -> 22 | AD12: Solucionario + rúbrica de pregunta abierta | AE12: Examen papel | AF12: Reparto con coordinadora: diseñamos juntas, corregimos por secciones.
A13: TP8 | B13: Tutoría 1 a 1 | C13: T7 | D13: Formativo | E13: Serie | F13: Declarada | G13: Coordinador | H13: 8 | I13: 6 | J13: 14 | K13: 0 | L13: 0.5 | M13: 0.5 | N13: 0 | O13: 0 | P13: =IFERROR(N(L13)+N(H13)*(N(M13)+Parámetros!$B$10*(N(N13)+N(O13))),0) -> 4.5 | R13: 0.3 | U13: =IFERROR(IF(Q13="",N(L13),N(Q13))+N(H13)*(IF(R13="",N(M13),N(R13))+Parámetros!$B$10*(IF(S13="",N(N13),N(S13))+IF(T13="",N(O13),N(T13)))),0) -> 2.9 | W13: Antes de cada tutoría, IA resume el rendimiento reciente del estudiante (entregas, quizzes) para preparar en 5 min. | Z13: =IFERROR(P13-U13,0) -> 1.6 | AA13: =IFERROR(IF(P13>0,Z13/P13,0),0) -> 0.35555556 | AB13: 0.5 | AC13: =IFERROR(N(H13)*N(AB13),0) -> 4 | AD13: Notas de seguimiento | AE13: Ficha de tutoría | AF13: Coordinadora lleva las tutorías; yo recibo resumen.
A14: TP9 | P14: =IFERROR(N(L14)+N(H14)*(N(M14)+Parámetros!$B$10*(N(N14)+N(O14))),0) -> 0 | U14: =IFERROR(IF(Q14="",N(L14),N(Q14))+N(H14)*(IF(R14="",N(M14),N(R14))+Parámetros!$B$10*(IF(S14="",N(N14),N(S14))+IF(T14="",N(O14),N(T14)))),0) -> 0 | Z14: =IFERROR(P14-U14,0) -> 0 | AA14: =IFERROR(IF(P14>0,Z14/P14,0),0) -> 0 | AC14: =IFERROR(N(H14)*N(AB14),0) -> 0
A15: TP10 | P15: =IFERROR(N(L15)+N(H15)*(N(M15)+Parámetros!$B$10*(N(N15)+N(O15))),0) -> 0 | U15: =IFERROR(IF(Q15="",N(L15),N(Q15))+N(H15)*(IF(R15="",N(M15),N(R15))+Parámetros!$B$10*(IF(S15="",N(N15),N(S15))+IF(T15="",N(O15),N(T15)))),0) -> 0 | Z15: =IFERROR(P15-U15,0) -> 0 | AA15: =IFERROR(IF(P15>0,Z15/P15,0),0) -> 0 | AC15: =IFERROR(N(H15)*N(AB15),0) -> 0
A16: TP11 | P16: =IFERROR(N(L16)+N(H16)*(N(M16)+Parámetros!$B$10*(N(N16)+N(O16))),0) -> 0 | U16: =IFERROR(IF(Q16="",N(L16),N(Q16))+N(H16)*(IF(R16="",N(M16),N(R16))+Parámetros!$B$10*(IF(S16="",N(N16),N(S16))+IF(T16="",N(O16),N(T16)))),0) -> 0 | Z16: =IFERROR(P16-U16,0) -> 0 | AA16: =IFERROR(IF(P16>0,Z16/P16,0),0) -> 0 | AC16: =IFERROR(N(H16)*N(AB16),0) -> 0
A17: TP12 | P17: =IFERROR(N(L17)+N(H17)*(N(M17)+Parámetros!$B$10*(N(N17)+N(O17))),0) -> 0 | U17: =IFERROR(IF(Q17="",N(L17),N(Q17))+N(H17)*(IF(R17="",N(M17),N(R17))+Parámetros!$B$10*(IF(S17="",N(N17),N(S17))+IF(T17="",N(O17),N(T17)))),0) -> 0 | Z17: =IFERROR(P17-U17,0) -> 0 | AA17: =IFERROR(IF(P17>0,Z17/P17,0),0) -> 0 | AC17: =IFERROR(N(H17)*N(AB17),0) -> 0
A18: TP13 | P18: =IFERROR(N(L18)+N(H18)*(N(M18)+Parámetros!$B$10*(N(N18)+N(O18))),0) -> 0 | U18: =IFERROR(IF(Q18="",N(L18),N(Q18))+N(H18)*(IF(R18="",N(M18),N(R18))+Parámetros!$B$10*(IF(S18="",N(N18),N(S18))+IF(T18="",N(O18),N(T18)))),0) -> 0 | Z18: =IFERROR(P18-U18,0) -> 0 | AA18: =IFERROR(IF(P18>0,Z18/P18,0),0) -> 0 | AC18: =IFERROR(N(H18)*N(AB18),0) -> 0
A19: TP14 | P19: =IFERROR(N(L19)+N(H19)*(N(M19)+Parámetros!$B$10*(N(N19)+N(O19))),0) -> 0 | U19: =IFERROR(IF(Q19="",N(L19),N(Q19))+N(H19)*(IF(R19="",N(M19),N(R19))+Parámetros!$B$10*(IF(S19="",N(N19),N(S19))+IF(T19="",N(O19),N(T19)))),0) -> 0 | Z19: =IFERROR(P19-U19,0) -> 0 | AA19: =IFERROR(IF(P19>0,Z19/P19,0),0) -> 0 | AC19: =IFERROR(N(H19)*N(AB19),0) -> 0
A20: TP15 | P20: =IFERROR(N(L20)+N(H20)*(N(M20)+Parámetros!$B$10*(N(N20)+N(O20))),0) -> 0 | U20: =IFERROR(IF(Q20="",N(L20),N(Q20))+N(H20)*(IF(R20="",N(M20),N(R20))+Parámetros!$B$10*(IF(S20="",N(N20),N(S20))+IF(T20="",N(O20),N(T20)))),0) -> 0 | Z20: =IFERROR(P20-U20,0) -> 0 | AA20: =IFERROR(IF(P20>0,Z20/P20,0),0) -> 0 | AC20: =IFERROR(N(H20)*N(AB20),0) -> 0
A21: TP16 | P21: =IFERROR(N(L21)+N(H21)*(N(M21)+Parámetros!$B$10*(N(N21)+N(O21))),0) -> 0 | U21: =IFERROR(IF(Q21="",N(L21),N(Q21))+N(H21)*(IF(R21="",N(M21),N(R21))+Parámetros!$B$10*(IF(S21="",N(N21),N(S21))+IF(T21="",N(O21),N(T21)))),0) -> 0 | Z21: =IFERROR(P21-U21,0) -> 0 | AA21: =IFERROR(IF(P21>0,Z21/P21,0),0) -> 0 | AC21: =IFERROR(N(H21)*N(AB21),0) -> 0
A22: TP17 | P22: =IFERROR(N(L22)+N(H22)*(N(M22)+Parámetros!$B$10*(N(N22)+N(O22))),0) -> 0 | U22: =IFERROR(IF(Q22="",N(L22),N(Q22))+N(H22)*(IF(R22="",N(M22),N(R22))+Parámetros!$B$10*(IF(S22="",N(N22),N(S22))+IF(T22="",N(O22),N(T22)))),0) -> 0 | Z22: =IFERROR(P22-U22,0) -> 0 | AA22: =IFERROR(IF(P22>0,Z22/P22,0),0) -> 0 | AC22: =IFERROR(N(H22)*N(AB22),0) -> 0
A23: TP18 | P23: =IFERROR(N(L23)+N(H23)*(N(M23)+Parámetros!$B$10*(N(N23)+N(O23))),0) -> 0 | U23: =IFERROR(IF(Q23="",N(L23),N(Q23))+N(H23)*(IF(R23="",N(M23),N(R23))+Parámetros!$B$10*(IF(S23="",N(N23),N(S23))+IF(T23="",N(O23),N(T23)))),0) -> 0 | Z23: =IFERROR(P23-U23,0) -> 0 | AA23: =IFERROR(IF(P23>0,Z23/P23,0),0) -> 0 | AC23: =IFERROR(N(H23)*N(AB23),0) -> 0
A24: TP19 | P24: =IFERROR(N(L24)+N(H24)*(N(M24)+Parámetros!$B$10*(N(N24)+N(O24))),0) -> 0 | U24: =IFERROR(IF(Q24="",N(L24),N(Q24))+N(H24)*(IF(R24="",N(M24),N(R24))+Parámetros!$B$10*(IF(S24="",N(N24),N(S24))+IF(T24="",N(O24),N(T24)))),0) -> 0 | Z24: =IFERROR(P24-U24,0) -> 0 | AA24: =IFERROR(IF(P24>0,Z24/P24,0),0) -> 0 | AC24: =IFERROR(N(H24)*N(AB24),0) -> 0
A25: TP20 | P25: =IFERROR(N(L25)+N(H25)*(N(M25)+Parámetros!$B$10*(N(N25)+N(O25))),0) -> 0 | U25: =IFERROR(IF(Q25="",N(L25),N(Q25))+N(H25)*(IF(R25="",N(M25),N(R25))+Parámetros!$B$10*(IF(S25="",N(N25),N(S25))+IF(T25="",N(O25),N(T25)))),0) -> 0 | Z25: =IFERROR(P25-U25,0) -> 0 | AA25: =IFERROR(IF(P25>0,Z25/P25,0),0) -> 0 | AC25: =IFERROR(N(H25)*N(AB25),0) -> 0
... A30: TP25 | P30: =IFERROR(N(L30)+N(H30)*(N(M30)+Parámetros!$B$10*(N(N30)+N(O30))),0) -> 0 | U30: =IFERROR(IF(Q30="",N(L30),N(Q30))+N(H30)*(IF(R30="",N(M30),N(R30))+Parámetros!$B$10*(IF(S30="",N(N30),N(S30))+IF(T30="",N(O30),N(T30)))),0) -> 0 | Z30: =IFERROR(P30-U30,0) -> 0 | AA30: =IFERROR(IF(P30>0,Z30/P30,0),0) -> 0 | AC30: =IFERROR(N(H30)*N(AB30),0) -> 0
A32: TOTALES | H32: =SUM(H6:H30) -> 24 | K32: =SUM(K6:K30) -> 100 | P32: =SUM(P6:P30) -> 280 | U32: =SUM(U6:U30) -> 249.4 | Z32: =SUM(Z6:Z30) -> 30.6 | AA32: =IFERROR(IF(P32>0,Z32/P32,0),0) -> 0.10928571 | AC32: =SUM(AC6:AC30) -> 87

Sheet Componentes
A1: Matriz de componentes C2-C7 por touchpoint
A2: Para cada touchpoint indica qué decides en cada componente. Usa texto corto o una etiqueta.
A4: ID | B4: Nombre del touchpoint | C4: C2 · Auto/coevaluación | D4: C3 · IA (política específica) | E4: C4 · Evidencias y criterios | F4: C5 · Recogida de información | G4: C6 · Retroalimentación | H4: C7 · Mejora docente
A5: =IF(Touchpoints!A6="","",Touchpoints!A6) -> TP1 | B5: =IF(Touchpoints!B6="","",Touchpoints!B6) -> Prueba diagnóstica de conceptos previos
A6: =IF(Touchpoints!A7="","",Touchpoints!A7) -> TP2 | B6: =IF(Touchpoints!B7="","",Touchpoints!B7) -> Quiz semanal de teoría
A7: =IF(Touchpoints!A8="","",Touchpoints!A8) -> TP3 | B7: =IF(Touchpoints!B8="","",Touchpoints!B8) -> Entrega P1 — Análisis de requisitos
A8: =IF(Touchpoints!A9="","",Touchpoints!A9) -> TP4 | B8: =IF(Touchpoints!B9="","",Touchpoints!B9) -> Examen parcial teórico
A9: =IF(Touchpoints!A10="","",Touchpoints!A10) -> TP5 | B9: =IF(Touchpoints!B10="","",Touchpoints!B10) -> Entrega P2 — Diseño arquitectónico
A10: =IF(Touchpoints!A11="","",Touchpoints!A11) -> TP6 | B10: =IF(Touchpoints!B11="","",Touchpoints!B11) -> Entrega P3 — Implementación y pruebas
A11: =IF(Touchpoints!A12="","",Touchpoints!A12) -> TP7 | B11: =IF(Touchpoints!B12="","",Touchpoints!B12) -> Examen final
A12: =IF(Touchpoints!A13="","",Touchpoints!A13) -> TP8 | B12: =IF(Touchpoints!B13="","",Touchpoints!B13) -> Tutoría 1 a 1
A13: =IF(Touchpoints!A14="","",Touchpoints!A14) -> TP9 | B13: =IF(Touchpoints!B14="","",Touchpoints!B14)
A14: =IF(Touchpoints!A15="","",Touchpoints!A15) -> TP10 | B14: =IF(Touchpoints!B15="","",Touchpoints!B15)
A15: =IF(Touchpoints!A16="","",Touchpoints!A16) -> TP11 | B15: =IF(Touchpoints!B16="","",Touchpoints!B16)
A16: =IF(Touchpoints!A17="","",Touchpoints!A17) -> TP12 | B16: =IF(Touchpoints!B17="","",Touchpoints!B17)
... A29: =IF(Touchpoints!A30="","",Touchpoints!A30) -> TP25 | B29: =IF(Touchpoints!B30="","",Touchpoints!B30)
A31: Transv. | B31: Decisiones transversales (todo el curso)

Sheet Resumen
A1: Resumen · Plan operativo de evaluación
A2: Cálculos agregados a partir de la hoja Touchpoints. Esta hoja no se edita.
A4: Asignatura: | B4: =Parámetros!B5 -> Ingeniería del Software
A5: Profesor: | B5: =Parámetros!B7 -> María López (coordinadora) + Juan García (profesor)
A6: Grupo (n estudiantes): | B6: =Parámetros!B10 -> 40
A8: Totales
A10: Número de touchpoints definidos | B10: =COUNTIF(Touchpoints!B6:B30,"<>") -> 8
A11: Horas docente · línea base (totales) | B11: =SUM(Touchpoints!P6:P30) -> 280
A12: Horas docente · hipótesis con IA (totales) | B12: =SUM(Touchpoints!U6:U30) -> 249.4
A13: Δ horas (base − IA) | B13: =B11-B12 -> 30.6
A14: Δ % (potencial de ahorro con IA) | B14: =IFERROR(IF(B11>0,B13/B11,0),0) -> 0.10928571
A15: Horas estudiante (totales del curso) | B15: =SUM(Touchpoints!AC6:AC30) -> 87
A16: Peso sumativo declarado (%) | B16: =SUM(Touchpoints!K6:K30) -> 100
A18: Desglose por fase · horas docente
A20: Fase | B20: Línea base | C20: Hipótesis IA | D20: Δ
A21: Diseño | B21: =SUM(Touchpoints!L6:L30) -> 27 | C21: =SUMPRODUCT(IF(Touchpoints!Q6:Q30="",Touchpoints!L6:L30,Touchpoints!Q6:Q30)) -> 26 | D21: =B21-C21 -> 1
A22: Ejecución (× ocurrencias) | B22: =SUMPRODUCT(Touchpoints!H6:H30,Touchpoints!M6:M30) -> 13 | C22: =SUMPRODUCT(Touchpoints!H6:H30,IF(Touchpoints!R6:R30="",Touchpoints!M6:M30,Touchpoints!R6:R30)) -> 11.4 | D22: =B22-C22 -> 1.6
A23: Corrección (× ocurrencias × estudiantes) | B23: =SUMPRODUCT(Touchpoints!H6:H30,Touchpoints!N6:N30)*Parámetros!B10 -> 172 | C23: =SUMPRODUCT(Touchpoints!H6:H30,IF(Touchpoints!S6:S30="",Touchpoints!N6:N30,Touchpoints!S6:S30))*Parámetros!B10 -> 156 | D23: =B23-C23 -> 16
A24: Retroalimentación (× ocurrencias × estudiantes) | B24: =SUMPRODUCT(Touchpoints!H6:H30,Touchpoints!O6:O30)*Parámetros!B10 -> 68 | C24: =SUMPRODUCT(Touchpoints!H6:H30,IF(Touchpoints!T6:T30="",Touchpoints!O6:O30,Touchpoints!T6:T30))*Parámetros!B10 -> 56 | D24: =B24-C24 -> 12
A27: Equilibrio formativo / sumativo
A29: Naturaleza | B29: # touchpoints | C29: Σ peso (%) | D29: Σ horas docente base
A30: Formativo | B30: =COUNTIF(Touchpoints!D6:D30,"Formativo") -> 3 | C30: =SUMIF(Touchpoints!D6:D30,"Formativo",Touchpoints!K6:K30) -> 0 | D30: =SUMIF(Touchpoints!D6:D30,"Formativo",Touchpoints!P6:P30) -> 83.5
A31: Sumativo | B31: =COUNTIF(Touchpoints!D6:D30,"Sumativo") -> 3 | C31: =SUMIF(Touchpoints!D6:D30,"Sumativo",Touchpoints!K6:K30) -> 80 | D31: =SUMIF(Touchpoints!D6:D30,"Sumativo",Touchpoints!P6:P30) -> 117.5
A32: Mixto | B32: =COUNTIF(Touchpoints!D6:D30,"Mixto") -> 2 | C32: =SUMIF(Touchpoints!D6:D30,"Mixto",Touchpoints!K6:K30) -> 20 | D32: =SUMIF(Touchpoints!D6:D30,"Mixto",Touchpoints!P6:P30) -> 79
A35: Alertas de consistencia
A37: Peso sumativo suma distinto de 100 | B37: =IF(ABS(B16-100)<0.5,"OK — suma 100%","Revisar — suma "&TEXT(B16,"0.0")&"%") -> OK — suma 100%
A38: Hay al menos un touchpoint definido | B38: =IF(B10>=1,"OK","Añade touchpoints en la hoja Touchpoints") -> OK
A39: Existe al menos un touchpoint formativo | B39: =IF(COUNTIF(Touchpoints!D6:D30,"Formativo")>=1,"OK","Recomendado: añadir al menos un formativo") -> OK
A40: Horas IA no superan línea base (a nivel total) | B40: =IF(B12<=B11+0.01,"OK","Revisar — la hipótesis con IA supera la línea base") -> OK
A41: Se declaró hipótesis con IA en algún touchpoint | B41: =IF(SUM(Touchpoints!Q6:T30)>0,"OK — hipótesis declarada","Sin hipótesis IA · todo impacto cero") -> OK — hipótesis declarada

Sheet Lente 1 · Carga docente
A1: Lente 1 · Carga docente
A2: Visualiza la carga docente total, su reparto coordinador/profesor, la curva semanal y los picos que superan el umbral. Esta hoja no se edita.
A4: Indicadores clave
A6: Horas docente · línea base (Σ) | B6: =Resumen!B11 -> 280
A7: Horas docente · hipótesis con IA (Σ) | B7: =Resumen!B12 -> 249.4
A8: Δ horas (potencial de ahorro) | B8: =Resumen!B13 -> 30.6
A9: Δ % (potencial de ahorro con IA) | B9: =Resumen!B14 -> 0.10928571
A12: Reparto por responsable (línea base)
A14: Responsable | B14: Σ h base | C14: Σ h IA | D14: Δ h
A15: Coordinador | B15: =SUMIF(Touchpoints!G6:G30,"Coordinador",Touchpoints!P6:P30) -> 4.5 | C15: =SUMIF(Touchpoints!G6:G30,"Coordinador",Touchpoints!U6:U30) -> 2.9 | D15: =B15-C15 -> 1.6
A16: Profesor | B16: =SUMIF(Touchpoints!G6:G30,"Profesor",Touchpoints!P6:P30) -> 202 | C16: =SUMIF(Touchpoints!G6:G30,"Profesor",Touchpoints!U6:U30) -> 191 | D16: =B16-C16 -> 11
A17: Ambos | B17: =SUMIF(Touchpoints!G6:G30,"Ambos",Touchpoints!P6:P30) -> 73.5 | C17: =SUMIF(Touchpoints!G6:G30,"Ambos",Touchpoints!U6:U30) -> 55.5 | D17: =B17-C17 -> 18
A18: (sin asignar) | B18: =SUMPRODUCT((Touchpoints!B6:B30<>"")*(Touchpoints!G6:G30="")*Touchpoints!P6:P30) -> 0 | C18: =SUMPRODUCT((Touchpoints!B6:B30<>"")*(Touchpoints!G6:G30="")*Touchpoints!U6:U30) -> 0 | D18: =B18-C18 -> 0
A21: Reparto semanal · se lee en el Panel
A23: Este libro ya no calcula la curva semanal. Antes descartaba en silencio todo lo que caía fuera de las 15 semanas: la corrección de un touchpoint que termina en la semana 15 desaparecía entera. | E23: Umbral
A24: Sube este mismo archivo al Panel del plan operativo · redisena-evaluacion.pages.dev/kit y obtendrás el calendario semana a semana, las semanas de pico y las semanas de cierre posteriores al final de la docencia. | E24: =Parámetros!$B$18 -> 15
E25: =Parámetros!$B$18 -> 15
E26: =Parámetros!$B$18 -> 15
E27: =Parámetros!$B$18 -> 15
E28: =Parámetros!$B$18 -> 15
E29: =Parámetros!$B$18 -> 15
E30: =Parámetros!$B$18 -> 15
E31: =Parámetros!$B$18 -> 15
E32: =Parámetros!$B$18 -> 15
E33: =Parámetros!$B$18 -> 15
E34: =Parámetros!$B$18 -> 15
E35: =Parámetros!$B$18 -> 15
E36: =Parámetros!$B$18 -> 15
... E38: =Parámetros!$B$18 -> 15
A41: Sostenibilidad del presupuesto docente
A42: Dedicación docente promedio (h/sem) | B42: =Parámetros!$B$20 -> 10
A43: Semanas del cuatrimestre | B43: =Parámetros!$B$11 -> 15
A44: Presupuesto total docente (h) | B44: =Parámetros!$B$20*Parámetros!$B$11 -> 150
A45: Consumo línea base (%) | B45: =IFERROR(B6/B44,0) -> 1.8666667
A46: Consumo hipótesis IA (%) | B46: =IFERROR(B7/B44,0) -> 1.6626667
A47: Umbral pico docente (h/sem) | B47: =Parámetros!$B$18 -> 15
A49: El presupuesto se calcula como dedicación promedio × semanas. Si el consumo supera el 100 %, la planificación no cabe en el presupuesto declarado en el Sprint 0. Ajusta TPs, delega coevaluación o explora hipótesis IA con potencial de ahorro real.

Sheet Lente 2 · Carga estudiante
A1: Lente 2 · Carga estudiante
A2: Carga total del estudiante, margen sobre presupuesto ECTS, curva semanal y picos. Esta hoja no se edita.
A4: Indicadores clave
A6: ECTS de la asignatura | B6: =Parámetros!B16 -> 6
A7: Horas por ECTS | B7: =Parámetros!B17 -> 25
A8: Presupuesto de horas estudiante (ECTS × h/ECTS) | B8: =Parámetros!B16*Parámetros!B17 -> 150
A9: Horas estudiante declaradas en el plan de evaluación | B9: =Resumen!B15 -> 87
A10: Margen de horas (presupuesto − declaradas) | B10: =(Parámetros!B16*Parámetros!B17)-Resumen!B15 -> 63
A11: % del presupuesto consumido por evaluación | B11: =IFERROR(Resumen!B15/(Parámetros!B16*Parámetros!B17),0) -> 0.58
A14: Solapamiento de sumativos por semana | B14: Las horas por semana se leen en el Panel. Aquí queda solo el aviso de solapamiento, que no depende de la curva.
A16: Semana | E16: Sumativo solapado
A17: S1 | E17: =SUMPRODUCT(((Touchpoints!D6:D30="Sumativo")+(Touchpoints!D6:D30="Mixto"))*(Touchpoints!I6:I30<=1)*(Touchpoints!J6:J30>=1)*(Touchpoints!B6:B30<>"")) -> 0
A18: S2 | E18: =SUMPRODUCT(((Touchpoints!D6:D30="Sumativo")+(Touchpoints!D6:D30="Mixto"))*(Touchpoints!I6:I30<=2)*(Touchpoints!J6:J30>=2)*(Touchpoints!B6:B30<>"")) -> 0
A19: S3 | E19: =SUMPRODUCT(((Touchpoints!D6:D30="Sumativo")+(Touchpoints!D6:D30="Mixto"))*(Touchpoints!I6:I30<=3)*(Touchpoints!J6:J30>=3)*(Touchpoints!B6:B30<>"")) -> 0
A20: S4 | E20: =SUMPRODUCT(((Touchpoints!D6:D30="Sumativo")+(Touchpoints!D6:D30="Mixto"))*(Touchpoints!I6:I30<=4)*(Touchpoints!J6:J30>=4)*(Touchpoints!B6:B30<>"")) -> 1
A21: S5 | E21: =SUMPRODUCT(((Touchpoints!D6:D30="Sumativo")+(Touchpoints!D6:D30="Mixto"))*(Touchpoints!I6:I30<=5)*(Touchpoints!J6:J30>=5)*(Touchpoints!B6:B30<>"")) -> 0
A22: S6 | E22: =SUMPRODUCT(((Touchpoints!D6:D30="Sumativo")+(Touchpoints!D6:D30="Mixto"))*(Touchpoints!I6:I30<=6)*(Touchpoints!J6:J30>=6)*(Touchpoints!B6:B30<>"")) -> 0
A23: S7 | E23: =SUMPRODUCT(((Touchpoints!D6:D30="Sumativo")+(Touchpoints!D6:D30="Mixto"))*(Touchpoints!I6:I30<=7)*(Touchpoints!J6:J30>=7)*(Touchpoints!B6:B30<>"")) -> 0
A24: S8 | E24: =SUMPRODUCT(((Touchpoints!D6:D30="Sumativo")+(Touchpoints!D6:D30="Mixto"))*(Touchpoints!I6:I30<=8)*(Touchpoints!J6:J30>=8)*(Touchpoints!B6:B30<>"")) -> 1
A25: S9 | E25: =SUMPRODUCT(((Touchpoints!D6:D30="Sumativo")+(Touchpoints!D6:D30="Mixto"))*(Touchpoints!I6:I30<=9)*(Touchpoints!J6:J30>=9)*(Touchpoints!B6:B30<>"")) -> 0
A26: S10 | E26: =SUMPRODUCT(((Touchpoints!D6:D30="Sumativo")+(Touchpoints!D6:D30="Mixto"))*(Touchpoints!I6:I30<=10)*(Touchpoints!J6:J30>=10)*(Touchpoints!B6:B30<>"")) -> 1
A27: S11 | E27: =SUMPRODUCT(((Touchpoints!D6:D30="Sumativo")+(Touchpoints!D6:D30="Mixto"))*(Touchpoints!I6:I30<=11)*(Touchpoints!J6:J30>=11)*(Touchpoints!B6:B30<>"")) -> 0
A28: S12 | E28: =SUMPRODUCT(((Touchpoints!D6:D30="Sumativo")+(Touchpoints!D6:D30="Mixto"))*(Touchpoints!I6:I30<=12)*(Touchpoints!J6:J30>=12)*(Touchpoints!B6:B30<>"")) -> 0
A29: S13 | E29: =SUMPRODUCT(((Touchpoints!D6:D30="Sumativo")+(Touchpoints!D6:D30="Mixto"))*(Touchpoints!I6:I30<=13)*(Touchpoints!J6:J30>=13)*(Touchpoints!B6:B30<>"")) -> 1
A30: S14 | E30: =SUMPRODUCT(((Touchpoints!D6:D30="Sumativo")+(Touchpoints!D6:D30="Mixto"))*(Touchpoints!I6:I30<=14)*(Touchpoints!J6:J30>=14)*(Touchpoints!B6:B30<>"")) -> 0
A31: S15 | E31: =SUMPRODUCT(((Touchpoints!D6:D30="Sumativo")+(Touchpoints!D6:D30="Mixto"))*(Touchpoints!I6:I30<=15)*(Touchpoints!J6:J30>=15)*(Touchpoints!B6:B30<>"")) -> 1

Sheet Lente 3 · Equilibrio F-S
A1: Lente 3 · Equilibrio formativo / sumativo
A2: Composición del plan por naturaleza, distribución temporal y comprobación de formativo previo al primer sumativo. Esta hoja no se edita.
A4: Composición por naturaleza
A6: Naturaleza | B6: # TPs | C6: % TPs | D6: Σ peso (%) | E6: Σ h docente base
A7: Formativo | B7: =COUNTIF(Touchpoints!D6:D30,"Formativo") -> 3 | C7: =IFERROR(B7/Resumen!B10,0) -> 0.375 | D7: =SUMIF(Touchpoints!D6:D30,"Formativo",Touchpoints!K6:K30) -> 0 | E7: =SUMIF(Touchpoints!D6:D30,"Formativo",Touchpoints!P6:P30) -> 83.5
A8: Sumativo | B8: =COUNTIF(Touchpoints!D6:D30,"Sumativo") -> 3 | C8: =IFERROR(B8/Resumen!B10,0) -> 0.375 | D8: =SUMIF(Touchpoints!D6:D30,"Sumativo",Touchpoints!K6:K30) -> 80 | E8: =SUMIF(Touchpoints!D6:D30,"Sumativo",Touchpoints!P6:P30) -> 117.5
A9: Mixto | B9: =COUNTIF(Touchpoints!D6:D30,"Mixto") -> 2 | C9: =IFERROR(B9/Resumen!B10,0) -> 0.25 | D9: =SUMIF(Touchpoints!D6:D30,"Mixto",Touchpoints!K6:K30) -> 20 | E9: =SUMIF(Touchpoints!D6:D30,"Mixto",Touchpoints!P6:P30) -> 79
A12: Distribución temporal (semana de inicio)
A14: Semana | B14: # Formativos | C14: # Sumativos | D14: # Mixtos
A15: S1 | B15: =SUMPRODUCT((Touchpoints!D6:D30="Formativo")*(Touchpoints!I6:I30=1)*(Touchpoints!B6:B30<>"")) -> 1 | C15: =SUMPRODUCT((Touchpoints!D6:D30="Sumativo")*(Touchpoints!I6:I30=1)*(Touchpoints!B6:B30<>"")) -> 0 | D15: =SUMPRODUCT((Touchpoints!D6:D30="Mixto")*(Touchpoints!I6:I30=1)*(Touchpoints!B6:B30<>"")) -> 0
A16: S2 | B16: =SUMPRODUCT((Touchpoints!D6:D30="Formativo")*(Touchpoints!I6:I30=2)*(Touchpoints!B6:B30<>"")) -> 1 | C16: =SUMPRODUCT((Touchpoints!D6:D30="Sumativo")*(Touchpoints!I6:I30=2)*(Touchpoints!B6:B30<>"")) -> 0 | D16: =SUMPRODUCT((Touchpoints!D6:D30="Mixto")*(Touchpoints!I6:I30=2)*(Touchpoints!B6:B30<>"")) -> 0
A17: S3 | B17: =SUMPRODUCT((Touchpoints!D6:D30="Formativo")*(Touchpoints!I6:I30=3)*(Touchpoints!B6:B30<>"")) -> 0 | C17: =SUMPRODUCT((Touchpoints!D6:D30="Sumativo")*(Touchpoints!I6:I30=3)*(Touchpoints!B6:B30<>"")) -> 0 | D17: =SUMPRODUCT((Touchpoints!D6:D30="Mixto")*(Touchpoints!I6:I30=3)*(Touchpoints!B6:B30<>"")) -> 0
A18: S4 | B18: =SUMPRODUCT((Touchpoints!D6:D30="Formativo")*(Touchpoints!I6:I30=4)*(Touchpoints!B6:B30<>"")) -> 0 | C18: =SUMPRODUCT((Touchpoints!D6:D30="Sumativo")*(Touchpoints!I6:I30=4)*(Touchpoints!B6:B30<>"")) -> 0 | D18: =SUMPRODUCT((Touchpoints!D6:D30="Mixto")*(Touchpoints!I6:I30=4)*(Touchpoints!B6:B30<>"")) -> 1
A19: S5 | B19: =SUMPRODUCT((Touchpoints!D6:D30="Formativo")*(Touchpoints!I6:I30=5)*(Touchpoints!B6:B30<>"")) -> 0 | C19: =SUMPRODUCT((Touchpoints!D6:D30="Sumativo")*(Touchpoints!I6:I30=5)*(Touchpoints!B6:B30<>"")) -> 0 | D19: =SUMPRODUCT((Touchpoints!D6:D30="Mixto")*(Touchpoints!I6:I30=5)*(Touchpoints!B6:B30<>"")) -> 0
A20: S6 | B20: =SUMPRODUCT((Touchpoints!D6:D30="Formativo")*(Touchpoints!I6:I30=6)*(Touchpoints!B6:B30<>"")) -> 1 | C20: =SUMPRODUCT((Touchpoints!D6:D30="Sumativo")*(Touchpoints!I6:I30=6)*(Touchpoints!B6:B30<>"")) -> 0 | D20: =SUMPRODUCT((Touchpoints!D6:D30="Mixto")*(Touchpoints!I6:I30=6)*(Touchpoints!B6:B30<>"")) -> 0
A21: S7 | B21: =SUMPRODUCT((Touchpoints!D6:D30="Formativo")*(Touchpoints!I6:I30=7)*(Touchpoints!B6:B30<>"")) -> 0 | C21: =SUMPRODUCT((Touchpoints!D6:D30="Sumativo")*(Touchpoints!I6:I30=7)*(Touchpoints!B6:B30<>"")) -> 0 | D21: =SUMPRODUCT((Touchpoints!D6:D30="Mixto")*(Touchpoints!I6:I30=7)*(Touchpoints!B6:B30<>"")) -> 0
A22: S8 | B22: =SUMPRODUCT((Touchpoints!D6:D30="Formativo")*(Touchpoints!I6:I30=8)*(Touchpoints!B6:B30<>"")) -> 0 | C22: =SUMPRODUCT((Touchpoints!D6:D30="Sumativo")*(Touchpoints!I6:I30=8)*(Touchpoints!B6:B30<>"")) -> 1 | D22: =SUMPRODUCT((Touchpoints!D6:D30="Mixto")*(Touchpoints!I6:I30=8)*(Touchpoints!B6:B30<>"")) -> 0
A23: S9 | B23: =SUMPRODUCT((Touchpoints!D6:D30="Formativo")*(Touchpoints!I6:I30=9)*(Touchpoints!B6:B30<>"")) -> 0 | C23: =SUMPRODUCT((Touchpoints!D6:D30="Sumativo")*(Touchpoints!I6:I30=9)*(Touchpoints!B6:B30<>"")) -> 0 | D23: =SUMPRODUCT((Touchpoints!D6:D30="Mixto")*(Touchpoints!I6:I30=9)*(Touchpoints!B6:B30<>"")) -> 0
A24: S10 | B24: =SUMPRODUCT((Touchpoints!D6:D30="Formativo")*(Touchpoints!I6:I30=10)*(Touchpoints!B6:B30<>"")) -> 0 | C24: =SUMPRODUCT((Touchpoints!D6:D30="Sumativo")*(Touchpoints!I6:I30=10)*(Touchpoints!B6:B30<>"")) -> 0 | D24: =SUMPRODUCT((Touchpoints!D6:D30="Mixto")*(Touchpoints!I6:I30=10)*(Touchpoints!B6:B30<>"")) -> 1
A25: S11 | B25: =SUMPRODUCT((Touchpoints!D6:D30="Formativo")*(Touchpoints!I6:I30=11)*(Touchpoints!B6:B30<>"")) -> 0 | C25: =SUMPRODUCT((Touchpoints!D6:D30="Sumativo")*(Touchpoints!I6:I30=11)*(Touchpoints!B6:B30<>"")) -> 0 | D25: =SUMPRODUCT((Touchpoints!D6:D30="Mixto")*(Touchpoints!I6:I30=11)*(Touchpoints!B6:B30<>"")) -> 0
A26: S12 | B26: =SUMPRODUCT((Touchpoints!D6:D30="Formativo")*(Touchpoints!I6:I30=12)*(Touchpoints!B6:B30<>"")) -> 0 | C26: =SUMPRODUCT((Touchpoints!D6:D30="Sumativo")*(Touchpoints!I6:I30=12)*(Touchpoints!B6:B30<>"")) -> 0 | D26: =SUMPRODUCT((Touchpoints!D6:D30="Mixto")*(Touchpoints!I6:I30=12)*(Touchpoints!B6:B30<>"")) -> 0
A27: S13 | B27: =SUMPRODUCT((Touchpoints!D6:D30="Formativo")*(Touchpoints!I6:I30=13)*(Touchpoints!B6:B30<>"")) -> 0 | C27: =SUMPRODUCT((Touchpoints!D6:D30="Sumativo")*(Touchpoints!I6:I30=13)*(Touchpoints!B6:B30<>"")) -> 1 | D27: =SUMPRODUCT((Touchpoints!D6:D30="Mixto")*(Touchpoints!I6:I30=13)*(Touchpoints!B6:B30<>"")) -> 0
A28: S14 | B28: =SUMPRODUCT((Touchpoints!D6:D30="Formativo")*(Touchpoints!I6:I30=14)*(Touchpoints!B6:B30<>"")) -> 0 | C28: =SUMPRODUCT((Touchpoints!D6:D30="Sumativo")*(Touchpoints!I6:I30=14)*(Touchpoints!B6:B30<>"")) -> 0 | D28: =SUMPRODUCT((Touchpoints!D6:D30="Mixto")*(Touchpoints!I6:I30=14)*(Touchpoints!B6:B30<>"")) -> 0
A29: S15 | B29: =SUMPRODUCT((Touchpoints!D6:D30="Formativo")*(Touchpoints!I6:I30=15)*(Touchpoints!B6:B30<>"")) -> 0 | C29: =SUMPRODUCT((Touchpoints!D6:D30="Sumativo")*(Touchpoints!I6:I30=15)*(Touchpoints!B6:B30<>"")) -> 1 | D29: =SUMPRODUCT((Touchpoints!D6:D30="Mixto")*(Touchpoints!I6:I30=15)*(Touchpoints!B6:B30<>"")) -> 0
A31: Alertas de equilibrio
A33: Hay al menos un formativo antes del primer sumativo | B33: =IF(OR(COUNTIF(Touchpoints!D6:D30,"Sumativo")=0,IFERROR(aggregate(15,6,Touchpoints!I6:I30/((Touchpoints!D6:D30="Formativo")*(Touchpoints!B6:B30<>"")),1),9999)<=IFERROR(aggregate(15,6,Touchpoints!I6:I30/((Touchpoints!D6:D30="Sumativo")*(Touchpoints!B6:B30<>"")),1),9999)),"OK","Revisar — el primer sumativo ocurre antes que cualquier formativo") -> OK
A34: Peso sumativo del plan suma 100% | B34: =IF(ABS(Resumen!B16-100)<0.5,"OK","Revisar — suma "&TEXT(Resumen!B16,"0.0")&"%") -> OK
A35: Porcentaje de formativos ≥ 30% del plan | B35: =IF(IFERROR(B7/Resumen!B10,0)>=0.3,"OK","Recomendado — el plan es mayoritariamente sumativo") -> OK

Sheet Alertas
A1: Alertas consolidadas
A2: Todas las banderas activas tras rellenar tu plan. Haz clic en la hoja correspondiente para ver el detalle.
A4: Lente / fuente | B4: Control | C4: Estado | D4: Valor
A5: Lente 1 · docente | B5: Consumo del presupuesto docente · línea base | C5: ==IF('Lente 1 · Carga docente'!B45>0.7,"⚠ No cabe · por encima del 70 %",IF('Lente 1 · Carga docente'!B45>0.4,"⚠ Ajustado · entre el 40 % y el 70 %","OK · por debajo del 40 %")) | D5: =='Lente 1 · Carga docente'!B45
A6: Lente 1 · docente | B6: Se declaró hipótesis con IA en algún touchpoint | C6: =IF(SUM(Touchpoints!Q6:T30)>0,"OK — hipótesis declarada","⚠ Sin hipótesis IA") -> OK — hipótesis declarada | D6: =Resumen!B14 -> 0.10928571
A7: Lente 2 · estudiante | B7: Presupuesto ECTS respetado | C7: =IF(((Parámetros!B16*Parámetros!B17)-Resumen!B15)>=0,"OK","⚠ Supera presupuesto ECTS") -> OK | D7: =(Parámetros!B16*Parámetros!B17)-Resumen!B15 -> 63
A8: Lente 1 · docente | B8: Consumo del presupuesto docente · hipótesis con IA | C8: ==IF('Lente 1 · Carga docente'!B46>0.7,"⚠ No cabe · por encima del 70 %",IF('Lente 1 · Carga docente'!B46>0.4,"⚠ Ajustado · entre el 40 % y el 70 %","OK · por debajo del 40 %")) | D8: =='Lente 1 · Carga docente'!B46
A9: Lente 2 · estudiante | B9: Solapamiento de dos o más sumativos/mixtos en la misma semana | C9: =IF(MAX('Lente 2 · Carga estudiante'!E17:E31)>1,"⚠ Solapamiento","OK") -> OK | D9: =MAX('Lente 2 · Carga estudiante'!E17:E31) -> 1
A10: Lente 3 · equilibrio | B10: Primer formativo antes del primer sumativo | C10: ='Lente 3 · Equilibrio F-S'!B33 -> OK
A11: Lente 3 · equilibrio | B11: Peso sumativo suma 100% | C11: ='Lente 3 · Equilibrio F-S'!B34 -> OK | D11: =Resumen!B16 -> 100
A12: Lente 3 · equilibrio | B12: ≥30% del plan es formativo | C12: ='Lente 3 · Equilibrio F-S'!B35 -> OK | D12: =IFERROR('Lente 3 · Equilibrio F-S'!B7/Resumen!B10,0) -> 0.375
A14: Evaluar compite con preparar y dar la clase: hasta el 40 % de tu dedicación es sostenible, del 40 al 70 % conviene haberlo decidido a propósito, y por encima del 70 % el plan no cabe.
A15: Los picos por semana ya no se controlan aquí: se leen en el Panel del plan operativo · redisena-evaluacion.pages.dev/kit.
